source1_entity_id	matched_entity_id	match_probability	candidate_count
S1-925783039	S2-517291332	1.0	30
S1-773889195		0.039125	30
S1-377745466	S3-836170816	1.0	30
S1-133037285	S3-476003339	1.0	30
S1-755362802		0.000744047619047619	30
S1-851869949		0.4145	30
S1-785847572		0.28008730158730155	30
S1-27541239	S2-722643267	0.5055125421293983	30
S1-629417405	S2-522538408	1.0	30
S1-22305073	S3-221070872	1.0	30
S1-504790211	S2-482219248	1.0	30
S1-564729135	S2-5540165	0.9773333333333334	30
S1-236312382	S2-734049056	1.0	30
S1-865131206	S3-567734078	1.0	30
S1-626914593	S2-499755795	0.6058115358819586	30
S1-765734254		0.22158883647798738	30
S1-82053739	S3-618834296	1.0	30
S1-309349399	S2-98495598	0.6396686507936508	30
S1-221443075	S2-861061618	1.0	30
S1-341506266	S3-469734279	0.9975	30
S1-990319941	S2-262359118	0.9625833333333333	30
S1-597762257	S2-29559261	1.0	30
S1-661315962	S2-151534536	0.9860546989641192	30
S1-716574008		0.0055000000000000005	30
S1-985038901	S3-705931971	1.0	30
S1-404435514	S2-89198096	1.0	30
S1-252242682	S2-456524607	1.0	30
S1-981440385	S2-333169301	1.0	30
S1-883973644	S2-346262429	1.0	30
S1-17666546		0.25499999999999995	30
S1-513115995	S2-280138829	1.0	30
S1-791217329	S2-335124172	0.8860238095238095	30
S1-602913883		0.06541666666666666	30
S1-401372098	S2-205646360	1.0	30
S1-796227187	S2-356053713	1.0	30
S1-945437722	S3-570426744	1.0	30
S1-982210261	S2-240496833	1.0	30
S1-976369483	S2-896291492	1.0	30
S1-370715897	S2-145204119	0.6446785714285714	30
S1-27029362	S2-582662543	0.8090833333333332	30
S1-145829425	S3-898064155	1.0	30
S1-993527714		0.276158788740143	30
S1-965555167	S2-120876485	0.9998046989641192	30
S1-151608539	S3-371668737	1.0	30
S1-714672596	S2-992282760	0.6666666666666667	30
S1-134898809	S2-475706495	0.8322857142857142	30
S1-500841209	S3-480315753	1.0	30
S1-855787505		0.20099999999999998	30
S1-277072715	S2-979100168	1.0	30
S1-269656551	S3-637610456	1.0	30
S1-356020591		0.0525	30
S1-627144525	S2-285482274	0.5370357142857143	30
S1-514155563	S3-54908638	1.0	30
S1-942221484	S3-686152183	1.0	30
S1-966462381	S3-910178682	1.0	30
S1-681392030	S2-250437281	0.8710087991718427	30
S1-492467148	S2-611201507	0.7625456628660854	30
S1-791867209	S3-698772725	1.0	30
S1-951599976		0.1427857142857143	30
S1-315450523	S2-945125430	1.0	30
S1-666876590		0.2344047619047619	30
S1-913301865	S2-871917871	1.0	30
S1-216181354	S2-302685491	1.0	30
S1-454111437	S2-90504519	1.0	30
S1-960158214		0.033625	30
S1-743171772	S3-779206267	0.6079880952380953	30
S1-965549055	S2-168208749	0.7140714285714287	30
S1-947119891	S2-85955131	0.6653035714285714	30
S1-511561869	S3-223470686	1.0	30
S1-302710833	S2-8842860	0.8925238095238095	30
S1-888660595	S2-983066074	0.9314285714285714	30
S1-684656443	S2-815000108	1.0	30
S1-279914306	S2-747970909	0.9973046989641192	30
S1-294547159	S2-285581762	1.0	30
S1-208973592	S3-812219477	0.53575	30
S1-859252896	S3-373092726	1.0	30
S1-630223771	S2-859393404	0.8579761904761902	30
S1-223600564	S2-826297278	0.5283784461152882	30
S1-72918323	S3-179297324	1.0	30
S1-754175313	S2-174917371	1.0	30
S1-970518712	S3-849723066	1.0	30
S1-366329737	S2-23560385	1.0	30
S1-708796012	S2-994438467	1.0	30
S1-935703127	S2-839058520	1.0	30
S1-981414798		0.011245421245421246	30
S1-424529930	S2-856639211	1.0	30
S1-912508322	S2-334957677	1.0	30
S1-846028981	S3-556955938	1.0	30
S1-318218643	S3-492516478	1.0	30
S1-970972284	S2-37662911	0.7091607142857141	30
S1-435587816	S2-647226257	1.0	30
S1-544301808		0.4967738095238095	30
S1-20267366		0.04108333333333333	30
S1-379918793	S2-82178581	1.0	30
S1-106221717	S2-608447496	0.787281746031746	30
S1-800482427	S3-338689364	1.0	30
S1-846529766	S2-944563	1.0	30
S1-761874846		0.2456388888888889	30
S1-703200453	S3-485763252	1.0	30
S1-746273151	S2-860679773	0.9990000000000001	30
S1-432962984	S2-677326475	1.0	30
S1-500552277	S2-613760087	1.0	30
S1-446787657	S2-904627720	0.5098373015873016	30
S1-505869859	S2-253039316	1.0	30
S1-862092661		0.017916666666666668	30
S1-53323215		0.04395833333333333	30
S1-814475089	S2-72193173	1.0	30
S1-451077707	S3-12361934	1.0	30
S1-448166395	S2-388220290	1.0	30
S1-940115232		0.03233333333333333	30
S1-472232440		0.003333333333333333	30
S1-800915873	S3-972510185	1.0	30
S1-21084577	S2-19452549	1.0	30
S1-978421811	S2-798657992	1.0	30
S1-19400879	S2-368764620	1.0	30
S1-332410345	S2-85568547	1.0	30
S1-617455147	S2-639267012	1.0	30
S1-477458226	S3-64839351	0.99375	30
S1-173971969	S2-292981300	0.9915	30
S1-907635568	S2-600961480	1.0	30
S1-374959431		0.0563095238095238	30
S1-596450212	S2-96970795	1.0	30
S1-464797359	S3-290906196	1.0	30
S1-804300777	S3-361448686	1.0	30
S1-305440895	S2-793023011	1.0	30
S1-145606139	S2-999471757	1.0	30
S1-368348061	S2-485175177	1.0	30
S1-46716098		0.24037500000000006	30
S1-557464657	S2-729358614	0.9998046989641192	30
S1-8092452	S3-183988476	1.0	30
S1-216511119	S2-371549760	0.6956190476190476	30
S1-499302167	S2-915738729	0.9421666666666668	30
S1-56985694	S3-531690508	1.0	30
S1-417526535	S2-638282892	0.5616547619047618	30
S1-382435344	S3-590488708	1.0	30
S1-927651996		0.4306765873015872	30
S1-613598143	S2-742518143	1.0	30
S1-6232617	S2-205621531	0.7678333333333334	30
S1-491925427	S2-51368211	1.0	30
S1-378164861		0.02529395185862279	30
S1-622231151		0.3857236842105262	30
S1-639096068	S3-150643293	1.0	30
S1-269039848	S2-141962181	1.0	30
S1-408835967	S3-654272727	1.0	30
S1-111673633	S2-816989315	0.6487797619047617	30
S1-460845609	S2-442653554	1.0	30
S1-17506850	S3-222551652	0.9920833333333333	30
S1-68201540	S2-716538847	0.7844285714285715	30
S1-831843558		0.03172023809523809	30
S1-63266922	S2-904653523	1.0	30
S1-304785953		0.019642857142857142	30
S1-740254254	S2-287598431	0.7711884920634919	30
S1-836203525	S3-163446442	1.0	30
S1-465739288	S2-586371985	1.0	30
S1-111065528	S2-464212494	1.0	30
S1-545601093	S2-899758735	1.0	30
S1-988516196		0.0876673753949521	30
S1-612217752	S2-554245491	1.0	30
S1-846542666		0.4043333333333334	30
S1-419483044	S3-120588781	1.0	30
S1-787617931	S2-598018848	1.0	30
S1-535605149	S2-157126756	0.856654761904762	30
S1-848219519	S3-90847949	1.0	30
S1-899782554	S3-562512025	1.0	30
S1-498738124		0.3701111111111111	30
S1-748364403	S3-949424666	1.0	30
S1-622557613	S2-594246338	0.6569855889724312	30
S1-155027115	S2-780856981	1.0	30
S1-417074218	S3-171555434	1.0	30
S1-63975497	S2-443163148	1.0	30
S1-122492157	S2-627886894	1.0	30
S1-483281264	S2-59557708	1.0	30
S1-140525226	S2-694420753	1.0	30
S1-616755144	S2-638279881	1.0	30
S1-527727380	S2-59122190	1.0	30
S1-387694500	S2-981143195	0.8889761904761904	30
S1-664267481		0.05875	30
S1-798970125	S2-253395504	1.0	30
S1-840279529	S2-740597157	1.0	30
S1-624514617	S2-598637859	1.0	30
S1-557783855	S2-999793401	0.9746248428490112	30
S1-187558029	S3-933157196	1.0	30
S1-737635669		0.035	30
S1-499566732	S2-79222030	1.0	30
S1-669754446	S2-812894315	0.8494999999999997	30
S1-356319224	S2-714702079	1.0	30
S1-176550551		0.44606547619047626	30
S1-551688195	S3-199855200	1.0	30
S1-698189395	S3-2730763	1.0	30
S1-116737194		0.3403333333333333	30
S1-136894582	S3-662764840	1.0	30
S1-342754370	S3-537026223	1.0	30
S1-567349457	S2-209454655	1.0	30
S1-468339122	S2-959745912	0.8127906338334422	30
S1-615455408	S2-351928254	1.0	30
S1-971115873	S3-882368365	1.0	30
S1-260530670		0.018797169811320756	30
S1-848777360	S3-877940212	0.9922916666666667	30
S1-705961596	S2-262851299	1.0	30
S1-685073108	S2-31407047	1.0	30
S1-974991176	S3-932406727	1.0	30
S1-297525707		0.3443969534050179	30
S1-764937251	S3-693617701	1.0	30
S1-915022305	S3-756557772	1.0	30
S1-16609748	S2-54823044	1.0	30
S1-281051556	S2-717396610	1.0	30
S1-231271132	S3-431034988	1.0	30
S1-536948776	S2-597924811	1.0	30
S1-241686597	S2-132390170	0.6116666666666667	30
S1-684505968	S2-376816364	1.0	30
S1-835425265	S2-493112937	1.0	30
S1-580966525	S3-173698306	1.0	30
S1-945468839	S3-375643766	1.0	30
S1-386654734		0.0942123015873016	30
S1-579617619	S2-58788523	1.0	30
S1-896836973	S2-650996664	1.0	30
S1-881770296	S2-788437790	1.0	30
S1-504059078	S2-588477363	1.0	30
S1-828917180	S2-374096933	1.0	30
S1-973233920		0.31632936507936515	30
S1-451892808		0.06644047619047617	30
S1-919867800	S3-6154731	1.0	30
S1-769172378	S2-379806974	0.9925	30
S1-223621109		0.11303869047619047	30
S1-983652708		0.15409523809523812	30
S1-904479856	S3-458171230	1.0	30
S1-783021266		0.042666666666666665	30
S1-259452306	S2-547115644	1.0	30
S1-926958422	S2-94732549	0.576640350877193	30
S1-19593330	S2-115504975	1.0	30
S1-929809097	S2-753114601	1.0	30
S1-253986331	S2-989397932	1.0	30
S1-336167025	S3-193695161	1.0	30
S1-761585587		0.022833333333333337	30
S1-576153543	S2-195865942	0.9879166666666667	30
S1-948336320	S3-987163058	1.0	30
S1-109460220	S2-510942172	0.5891051587301587	30
S1-699955992	S2-948092933	1.0	30
S1-881535873	S3-820808792	1.0	30
S1-420936510	S2-836433740	1.0	30
S1-928237806	S2-105966198	1.0	30
S1-602775749	S3-174000230	1.0	30
S1-166601186	S2-499996656	0.8521428571428571	30
S1-139532667	S2-463164496	1.0	30
S1-391248994		0.11365820802005011	30
S1-217259238	S3-474463057	1.0	30
S1-363414052	S2-247918984	0.7108928571428571	30
S1-719919136	S3-882766547	1.0	30
S1-75134768	S2-559958660	0.9946153846153847	30
S1-174758675	S2-686597690	0.8930476190476191	30
S1-124712855	S2-889040389	1.0	30
S1-305403960	S2-400942794	0.9997121063715265	30
S1-615738219	S2-778291533	0.8342916666666664	30
S1-925443249	S2-563379269	0.9983333333333333	30
S1-635349757		0.002513134851138354	30
S1-300609714	S3-320627457	1.0	30
S1-743936349		0.05283333333333333	30
S1-94297591	S3-470174573	1.0	30
S1-817802155	S2-681072683	1.0	30
S1-369711048	S2-114110522	1.0	30
S1-501296085	S3-406930359	1.0	30
S1-967153211	S2-956355848	1.0	30
S1-300031623	S2-95236532	0.813047619047619	30
S1-98579303		0.05731180900147994	30
S1-576857452	S2-589475646	1.0	30
S1-121839562	S2-252130764	0.5086443191311613	30
S1-79772943		0.05508333333333333	30
S1-694085192	S3-450544623	1.0	30
S1-525055772	S3-758283141	1.0	30
S1-376690332	S2-579544296	1.0	30
S1-219548536	S2-280339209	0.6562951127819548	30
S1-410701476	S3-791619514	0.7190853174603175	30
S1-862338675	S3-129261544	1.0	30
S1-448345019	S2-670549181	1.0	30
S1-883829621	S2-263304573	1.0	30
S1-153055996		0.10891666666666666	30
S1-252433119	S3-531855168	1.0	30
S1-324674388	S3-556031955	1.0	30
S1-638466806	S2-671312480	1.0	30
S1-827102573	S3-348052580	1.0	30
S1-989439466		0.11216666666666666	30
S1-3732976	S2-189709632	0.7255654761904762	30
S1-31205819	S2-70151377	1.0	30
S1-895771779	S3-55241134	1.0	30
S1-29354465	S3-359160494	1.0	30
S1-772189406	S2-536583872	0.8738035714285715	30
S1-872627167		0.32448809523809513	30
S1-173906255	S3-566253607	1.0	30
S1-566012078	S2-537146208	0.635065476190476	30
S1-610266870	S2-871771717	1.0	30
S1-506810298	S2-269571963	1.0	30
S1-162806244	S3-737408373	1.0	30
S1-50643392	S2-540963535	1.0	30
S1-395813861	S2-871725477	0.8625595238095238	30
S1-652331096	S3-280025695	1.0	30
S1-436985273	S2-885558493	0.9862500000000002	30
S1-336308856	S2-517673876	0.9633214285714286	30
S1-459696014	S3-811227952	1.0	30
S1-169008536	S2-458405561	0.9761428571428571	30
S1-128347375	S2-677711352	0.7683888888888889	30
S1-493363382	S2-42425488	1.0	30
S1-457935815		0.44198809523809524	30
S1-924009686	S3-366237594	1.0	30
S1-820394674		0.2882555031446541	30
S1-116247627	S2-749348783	0.5605416666666667	30
S1-409451774	S2-439674692	1.0	30
S1-270844042		0.11732142857142856	30
S1-165891282		0.04545963555414774	30
S1-49032225	S2-42223728	0.9975	30
S1-581797355	S3-197893491	1.0	30
S1-979042353	S2-157315402	0.6281464646464648	30
S1-284710338	S2-183695488	1.0	30
S1-812886866	S2-203075005	0.6278665413533835	30
S1-677741106	S3-604405347	1.0	30
S1-263481527		0.39399999999999996	30
S1-447103941	S3-555505573	1.0	30
S1-177375169	S2-784656974	1.0	30
S1-706514314	S3-542401521	1.0	30
S1-352234501	S2-652730734	1.0	30
S1-225119054		0.1303690476190476	30
S1-543144015		0.020166666666666666	30
S1-233584777	S2-379294889	1.0	30
S1-192327811	S2-622284434	1.0	30
S1-993357110	S2-174666741	1.0	30
S1-440023753	S3-226050299	1.0	30
S1-854319024	S2-200979513	1.0	30
S1-86094936	S2-490096198	0.9760833333333333	30
S1-981904067	S3-380662124	1.0	30
S1-832211747	S2-248395912	1.0	30
S1-488506845		0.0907261904761905	30
S1-654697159	S2-750808389	1.0	30
S1-739195544	S3-160284335	1.0	30
S1-559551054		0.0075	30
S1-580254632	S2-514675016	1.0	30
S1-405795474	S2-26964797	1.0	30
S1-765456522	S3-114086453	1.0	30
S1-55333937	S2-415584710	1.0	30
S1-876256279	S2-729477385	1.0	30
S1-651095976		0.2003784461152882	30
S1-522840559	S3-172990447	1.0	30
S1-601945198		0.40882142857142845	30
S1-757082720	S2-606079405	0.5715352200924849	30
S1-590134263		0.04166666666666667	30
S1-842497118		0.3770833333333334	30
S1-326704888	S3-746350501	1.0	30
S1-4869416	S3-271046912	1.0	30
S1-720468760	S2-495098095	1.0	30
S1-93806322	S2-891050601	0.6342162977867202	30
S1-16642923	S2-393075989	1.0	30
S1-951871591	S2-838616809	1.0	30
S1-665355186		0.233015873015873	30
S1-953470089	S2-919499598	0.5425714285714287	30
S1-464105135	S2-147990164	1.0	30
S1-272091966	S3-633771519	1.0	30
S1-675959550	S3-414627286	1.0	30
S1-716442915		0.13708333333333333	30
S1-657025372	S3-489362331	1.0	30
S1-958577120	S3-431823872	1.0	30
S1-606480359	S2-291233773	1.0	30
S1-378652653	S2-213067343	1.0	30
S1-24519478	S2-656392815	0.6880967000835422	30
S1-539197690	S2-184526378	1.0	30
S1-977704542	S2-351212256	1.0	30
S1-338840619	S2-617975221	0.8875714285714287	30
S1-170960991		0.015333333333333332	30
S1-152967828	S2-907012850	1.0	30
S1-13859063	S2-164872813	1.0	30
S1-152217425	S2-221160010	1.0	30
S1-113241674	S2-419561504	1.0	30
S1-711682948	S2-264493768	1.0	30
S1-284209086	S3-23879087	1.0	30
S1-537478269	S2-671424679	1.0	30
S1-208550511	S2-852218564	0.5451964285714285	30
S1-632136965	S2-509179590	1.0	30
S1-133868991	S2-515109915	0.9427500000000001	30
S1-684878299	S2-601570083	1.0	30
S1-281356776	S3-621462812	0.9620833333333333	30
S1-40830766	S3-846751793	1.0	30
S1-89093509	S2-170942973	1.0	30
S1-954595905	S3-642516522	1.0	30
S1-287666599	S2-107690465	1.0	30
S1-952988982	S3-729037818	1.0	30
S1-349873839		0.423437969924812	30
S1-279661956	S2-316914568	1.0	30
S1-353948236		0.029305555555555553	30
S1-126927804	S2-174560806	0.8337142857142855	30
S1-627443733	S2-8382105	1.0	30
S1-280818643	S2-458759632	1.0	30
S1-974716750	S3-162736067	1.0	30
S1-85500745	S2-969930748	1.0	30
S1-452308590	S2-915075425	1.0	30
S1-330281696	S2-742941063	1.0	30
S1-75862106	S2-598800831	1.0	30
S1-763496609		0.4618333333333334	30
S1-631165181		0.046	30
S1-737977090	S3-811761781	1.0	30
S1-987994833	S3-878747011	1.0	30
S1-512288351	S2-58148832	0.6940000000000001	30
S1-198026451	S2-79488526	0.8015535714285714	30
S1-493059116	S2-697531431	1.0	30
S1-708417088	S3-128551007	1.0	30
S1-548116192	S3-402433609	1.0	30
S1-74901450	S2-684580276	1.0	30
S1-19868030	S2-317511124	1.0	30
S1-460136045	S2-452429687	0.8617261904761905	30
S1-332388880	S2-317439682	1.0	30
S1-792880767	S3-902893136	1.0	30
S1-457615425	S2-711939546	1.0	30
S1-396759763	S2-340055470	1.0	30
S1-944430830		0.14559406198446007	30
S1-90032658	S2-886047280	1.0	30
S1-483140947		0.2920986842105263	30
S1-566183725	S2-939439687	1.0	30
S1-756304715	S3-162728080	1.0	30
S1-306095185	S2-234588436	0.9744849896480332	30
S1-387418200	S2-836870603	1.0	30
S1-500998121	S2-21055914	1.0	30
S1-362880192	S2-539395967	1.0	30
S1-932539298	S2-780145988	1.0	30
S1-98168281		0.008333333333333333	30
S1-839067903	S2-392112864	1.0	30
S1-572490154		0.08057142857142857	30
S1-545582895		0.163298199767712	30
S1-444149322	S2-620131107	1.0	30
S1-232999426	S2-469391978	1.0	30
S1-402046621	S2-284585076	0.8246904761904762	30
S1-323747485	S3-610369855	1.0	30
S1-780502827	S2-407901320	0.8973829644533869	30
S1-120433302	S3-768535966	1.0	30
S1-131038804	S3-508705806	1.0	30
S1-436307824	S2-903016316	1.0	30
S1-314962839	S2-383137655	0.9608046989641191	30
S1-804663373	S2-808575628	1.0	30
S1-760380153	S2-1991568	1.0	30
S1-820935401	S3-723520276	1.0	30
S1-562989120	S3-825790614	1.0	30
S1-125331877	S2-469621987	0.9723333333333334	30
S1-276322405		0.10252380952380954	30
S1-71714945		0.4326369047619047	30
S1-636549603	S2-452067810	0.8441309523809523	30
S1-147465602		0.023154761904761904	30
S1-724291976		0.02675	30
S1-906281937	S3-51258129	1.0	30
S1-97581850	S2-457034538	0.6708869047619046	30
S1-15005997	S3-171582123	1.0	30
S1-866369736	S2-436908248	1.0	30
S1-989125871	S3-540764595	1.0	30
S1-447452795		0.45622619047619045	30
S1-698954473	S3-386756595	1.0	30
S1-701741704	S2-816756927	0.9087716328588762	30
S1-314045617	S3-359536205	1.0	30
S1-832593986	S3-442192661	0.7786904761904762	30
S1-889584874	S2-994448288	1.0	30
S1-926018314	S2-269390198	1.0	30
S1-90128015		0.13832971769609703	30
S1-748243940	S3-817734159	1.0	30
S1-543291404	S2-914737207	0.99575	30
S1-878904744	S2-340603304	0.8227738095238095	30
S1-778456014	S2-923224456	1.0	30
S1-887285254	S3-36409185	1.0	30
S1-387008828	S2-434709895	1.0	30
S1-338441694	S2-790470044	0.97625	30
S1-407730822	S2-196529404	0.7398511904761905	30
S1-584442364	S2-443217275	1.0	30
S1-590082446	S2-623734576	1.0	30
S1-629969170		4.7169811320754715e-05	30
S1-883468618	S2-587576840	1.0	30
S1-904228116	S2-844183646	1.0	30
S1-805104360	S2-75259798	1.0	30
S1-224534945	S3-213891701	1.0	30
S1-631840437	S3-664554414	1.0	30
S1-117902162		0.24361455722639933	30
S1-381957415	S2-215606032	0.6623228905597327	30
S1-258353664	S2-454076205	1.0	30
S1-745976550	S2-749740915	1.0	30
S1-164240371	S2-495945290	1.0	30
S1-346603579	S2-232990974	0.7455416666666665	30
S1-328371553	S3-940069521	1.0	30
S1-542424915	S2-595379635	1.0	30
S1-116081375	S2-320556822	1.0	30
S1-956108284	S2-447294620	1.0	30
S1-599703679		0.4223273809523809	30
S1-159067707	S2-979690614	0.6324677318295739	30
S1-590285242		0.007904761904761904	30
S1-378978603	S2-319300693	1.0	30
S1-730858380	S2-18394219	0.7740297619047619	30
S1-101076392	S2-452376154	0.834827380952381	30
S1-635491453	S2-253643954	1.0	30
S1-148845479	S2-692734123	1.0	30
S1-29696416	S2-922563612	1.0	30
S1-684012770	S2-724887083	1.0	30
S1-71172417	S2-433715766	0.9442023809523811	30
S1-8813651	S2-692004253	0.7037023809523809	30
S1-183363639	S2-662575647	1.0	30
S1-999555430	S3-1804865	1.0	30
S1-633779655	S2-551681757	1.0	30
S1-913042783	S2-999553291	0.9990000000000001	30
S1-558031216	S2-711496725	1.0	30
S1-690538628	S2-419717885	1.0	30
S1-86804153	S2-941915019	1.0	30
S1-92768400		0.10358333333333332	30
S1-246225268		0.03707326242435356	30
S1-979509841	S2-525768036	1.0	30
S1-942087593	S2-147277691	1.0	30
S1-566485202	S2-888495874	1.0	30
S1-360188878		0.42850000000000016	30
S1-607646145	S2-314981779	1.0	30
S1-422926253		0.08888888888888888	30
S1-92729851		0.4463333333333334	30
S1-674558177	S3-944180943	0.5456077235772357	30
S1-126393436	S2-944243968	0.9958333333333335	30
S1-806365059	S3-637200520	1.0	30
S1-180523534		0.03722161172161173	30
S1-713966229	S2-201505127	0.5285575396825396	30
S1-790887991	S3-806830827	1.0	30
S1-46049969		0.2803214285714286	30
S1-106691524	S2-191744310	1.0	30
S1-183540234	S3-365972187	1.0	30
S1-545370440	S2-551808572	1.0	30
S1-410040347	S2-641487662	1.0	30
S1-174390454	S3-161067370	1.0	30
S1-695737678	S2-816997768	0.67675	30
S1-143410687	S2-585945975	1.0	30
S1-690898835	S2-891899322	1.0	30
S1-196054265		0.45636111111111105	30
S1-710909094	S2-563752471	1.0	30
S1-171653159	S3-567837252	1.0	30
S1-861378966	S2-641684012	1.0	30
S1-60629534	S2-116431394	1.0	30
S1-679782609	S2-844278428	1.0	30
S1-150829563	S3-898502053	1.0	30
S1-986863583	S2-628332690	1.0	30
S1-67904101	S2-370071447	1.0	30
S1-552720726	S3-471922467	1.0	30
S1-531110798	S2-271725564	0.772611111111111	30
S1-88905792		0.17282142857142857	30
S1-403028834		0.03913959761717433	30
S1-279014952	S2-800340691	1.0	30
S1-66101502		0.029642857142857144	30
S1-419304665	S2-866506346	1.0	30
S1-189831319	S2-315327297	0.6911329644533868	30
S1-464514986	S2-107295419	0.998	30
S1-418896338	S2-272528085	1.0	30
S1-492793391	S2-753603216	0.9163333333333334	30
S1-648894561	S3-809239143	0.9916666666666667	30
S1-143671838	S3-876790795	1.0	30
S1-851799346	S2-589971753	1.0	30
S1-804171096	S2-358530411	1.0	30
S1-751608780	S2-628981570	1.0	30
S1-163766842	S3-437156798	1.0	30
S1-569100881	S3-179636980	1.0	30
S1-104955523		0.06318452380952382	30
S1-291991311	S2-523837175	1.0	30
S1-364278564		0.35967915214866436	30
S1-965040695		0.41205555555555556	30
S1-509571057	S2-874755440	1.0	30
S1-150821320	S2-278934966	1.0	30
S1-78166516	S2-773521852	0.7214404761904761	30
S1-112860356	S2-671340376	0.9643214285714287	30
S1-419129929		0.012941056910569104	30
S1-40045119	S3-259374125	1.0	30
S1-837908386	S3-228282490	1.0	30
S1-967500830		0.26666666666666666	30
S1-718976444	S2-746094731	1.0	30
S1-304297041	S2-561634022	0.9840000000000001	30
S1-177943533	S3-234174833	1.0	30
S1-868064087	S2-433988419	0.9791666666666667	30
S1-409256428	S2-501225276	0.9631249999999999	30
S1-631031485	S3-234207725	1.0	30
S1-16807998	S2-210875849	1.0	30
S1-600462984		0.011704191761707458	30
S1-240050566	S2-564377611	1.0	30
S1-840622396		0.05366666666666666	30
S1-130034572		0.48583333333333345	30
S1-164072881	S3-779046844	1.0	30
S1-587645790	S3-342417445	1.0	30
S1-577250550	S3-302139016	1.0	30
S1-487652257	S3-26422336	1.0	30
S1-281725882	S2-330186762	1.0	30
S1-562163221	S2-64319321	1.0	30
S1-92502000		0.19860463659147867	30
S1-268149339	S2-420444483	0.9931666666666668	30
S1-667406578	S2-865922287	1.0	30
S1-908498505	S2-93112731	1.0	30
S1-156883486	S2-545445857	1.0	30
S1-368846142		0.21105626428384103	30
S1-231101064	S3-685430854	1.0	30
S1-372903225	S3-320991724	1.0	30
S1-621386822	S2-693256682	0.7662996311200537	30
S1-238012566	S3-532526706	1.0	30
S1-96384915	S2-256632013	0.7974880952380953	30
S1-307702274	S2-811665838	1.0	30
S1-933356469		0.0425	30
S1-164830224	S3-982464335	1.0	30
S1-100405609	S3-332810222	1.0	30
S1-234407650		0.3748095238095238	30
S1-725482440	S2-447747530	1.0	30
S1-192345497	S2-582984116	0.8680269211863412	30
S1-622515318	S2-432775257	0.9866666666666667	30
S1-59409377	S2-497703108	0.7201964285714283	30
S1-319952925	S2-488037701	1.0	30
S1-111867989	S3-665711381	1.0	30
S1-580992307	S3-385609869	1.0	30
S1-684624531	S2-852760032	0.8955000000000001	30
S1-744424482		0.016666666666666666	30
S1-160617128	S2-807973688	1.0	30
S1-388951829		0.18215283635919063	30
S1-502282153	S2-475675411	1.0	30
S1-554328643	S2-630903155	1.0	30
S1-959189311	S2-312022479	0.9983333333333333	30
S1-355110377	S3-583692928	1.0	30
S1-419243203	S3-310867408	1.0	30
S1-791484925	S2-747935516	0.5823214285714287	30
S1-607311453	S2-148140932	0.9641071428571429	30
S1-823066174	S2-835201023	0.6195570175438596	30
S1-169036830		0.002763157894736842	30
S1-345107626	S3-148615099	1.0	30
S1-748540962	S2-396008134	0.8377261904761905	30
S1-277014552	S2-255520726	1.0	30
S1-912273534		0.07014285714285715	30
S1-456715439	S2-934790470	0.6739444444444443	30
S1-637465929	S2-62235108	0.9299166666666666	30
S1-526349990	S3-408891606	1.0	30
S1-296323848	S2-208012849	0.97625	30
S1-547546143	S2-681575605	0.8702142857142856	30
S1-80960427	S2-733025108	0.9405000000000001	30
S1-609323033	S2-751582033	1.0	30
S1-523354110	S2-277586168	0.5634821708025933	30
S1-231416129	S3-706875358	0.8002499999999999	30
S1-460133008	S2-266205399	1.0	30
S1-676648395	S2-8940305	1.0	30
S1-972836911		0.04766666666666666	30
S1-292830915		0.17483333333333334	30
S1-51101506	S2-862841483	0.9344761904761905	30
S1-509332273	S2-907307129	1.0	30
S1-127222577	S3-137050745	1.0	30
S1-589521969		0.00857142857142857	30
S1-208167915		0.2502936507936508	30
S1-420226248	S3-342972447	1.0	30
S1-512080827	S3-365271062	0.7677499999999999	30
S1-151302070		0.21589035087719297	30
S1-670025586	S2-463498799	1.0	30
S1-529148390	S3-336669922	1.0	30
S1-12487330	S2-345444533	0.9997121063715265	30
S1-831133424	S2-848041579	1.0	30
S1-671445253	S2-988430985	0.9998046989641192	30
S1-700600281	S3-562636082	1.0	30
S1-857022301	S3-44169589	1.0	30
S1-64140802	S3-873583923	1.0	30
S1-690449852	S2-80777748	1.0	30
S1-391697975	S2-800694119	0.9980454397048598	30
S1-486510827	S3-87991948	1.0	30
S1-516705356	S3-436863634	1.0	30
S1-275228042	S2-865717591	1.0	30
S1-612138552	S2-385576773	1.0	30
S1-571214733	S2-475538887	0.7745714285714286	30
S1-906686327	S2-877023855	0.8546785714285714	30
S1-939880982		0.214875	30
S1-60980827		0.0425	30
S1-476385483	S2-333654899	1.0	30
S1-359497386	S2-258527523	0.9796666666666667	30
S1-791947968	S3-724965051	1.0	30
S1-2106291	S2-834060510	0.9628333333333334	30
S1-802762694	S2-259257113	1.0	30
S1-763758768	S2-977360531	1.0	30
S1-368557784	S3-5156599	1.0	30
S1-801306682	S3-462574528	0.6368194444444445	30
S1-910150597	S3-872314779	1.0	30
S1-204397870	S3-782613530	1.0	30
S1-853669737	S2-509546576	1.0	30
S1-170998977	S2-245709451	0.9790000000000001	30
S1-72369296	S2-715327535	0.9972121063715265	30
S1-114279394	S2-616220259	1.0	30
S1-558634684		0.3743333333333333	30
S1-185338284	S3-436913197	1.0	30
S1-352005417	S2-623383289	1.0	30
S1-870254921	S2-763535749	1.0	30
S1-574943722	S2-830367081	1.0	30
S1-829163315		0.09019047619047617	30
S1-657654513		0.42880952380952386	30
S1-623261026	S2-987930016	1.0	30
S1-393157555	S2-859525288	0.7606250000000001	30
S1-528999441	S3-375550721	1.0	30
S1-445131173	S3-904135465	1.0	30
S1-906572599	S2-791262854	1.0	30
S1-720173062	S3-248547790	1.0	30
S1-779180246	S3-143507203	0.9873214285714286	30
S1-812486340	S2-15816273	0.9975	30
S1-585692765		0.4320446020874102	30
S1-358447941	S3-217934702	1.0	30
S1-206894799	S2-60380131	1.0	30
S1-27158214	S2-614863359	1.0	30
S1-196578854	S2-238545044	1.0	30
S1-624045976	S2-598799903	1.0	30
S1-362520	S3-216455007	1.0	30
S1-463548524	S2-723250100	0.9099880952380953	30
S1-897226407	S2-953740674	1.0	30
S1-645713459	S3-342278559	1.0	30
S1-229555888	S2-554839207	1.0	30
S1-68456921	S3-907171218	0.6385754554068097	30
S1-992003464	S2-8241231	0.9854999999999999	30
S1-912947277	S2-631589157	1.0	30
S1-417264639	S2-220941764	1.0	30
S1-470845482	S3-487287067	1.0	30
S1-987779515	S3-369353890	1.0	30
S1-509283665	S3-860151047	1.0	30
S1-619895264	S3-831781219	1.0	30
S1-17339733	S2-377490733	0.8289285714285716	30
S1-647059934	S2-644458310	1.0	30
S1-161901150	S3-734296532	1.0	30
S1-241742700	S2-837574878	0.9866547619047619	30
S1-512634625	S2-535980045	0.94725	30
S1-37213524	S2-178985682	0.7529384920634921	30
S1-916773322	S2-458846284	0.6193214285714286	30
S1-263724589	S2-582013558	0.8969285714285715	30
S1-734453985	S2-522999512	1.0	30
S1-722883348	S2-575859735	0.7229642857142855	30
S1-309101313	S2-64823403	1.0	30
S1-266640251	S2-907018183	0.7403214285714286	30
S1-619068107	S2-293887040	1.0	30
S1-706856946	S3-911606801	1.0	30
S1-774836812	S2-279885139	1.0	30
S1-452691275	S2-320133796	1.0	30
S1-277375862	S2-526671362	1.0	30
S1-110602510	S2-518183618	0.820815476190476	30
S1-770963722	S3-58879532	1.0	30
S1-341378122	S3-149397256	1.0	30
S1-202909837	S2-714500343	1.0	30
S1-520992658	S2-243949421	1.0	30
S1-277391322	S2-232141615	1.0	30
S1-638110492	S2-565936587	1.0	30
S1-844896591	S2-362218588	1.0	30
S1-245014023	S3-779369879	1.0	30
S1-790771894	S2-392820350	1.0	30
S1-437422427	S2-67953809	0.997	30
S1-870525516	S2-463660592	1.0	30
S1-382138150	S3-490810989	1.0	30
S1-470699785	S2-592507040	0.9799166666666665	30
S1-696598587		0.05308333333333333	30
S1-960756168	S2-57574568	0.9540805205603634	30
S1-842881175	S2-523911840	1.0	30
S1-42596820	S2-42223728	0.724017857142857	30
S1-360871186	S2-349535931	1.0	30
S1-868335410	S2-417765879	1.0	30
S1-780893579	S3-174521142	1.0	30
S1-372897884	S2-85078492	1.0	30
S1-582550646	S2-2906417	1.0	30
S1-761888543	S2-902127740	1.0	30
S1-430842276	S2-866123350	0.6886641604010024	30
S1-533701421		0.06575806451612902	30
S1-140574806	S2-268997524	1.0	30
S1-388312190	S2-370983985	1.0	30
S1-767371184	S2-310116264	1.0	30
S1-395950954	S2-83641523	0.9996248428490112	30
S1-691555791	S3-516115986	1.0	30
S1-793019850	S2-565838685	1.0	30
S1-975506716		0.12457142857142856	30
S1-495990882	S2-294062437	0.7604761904761905	30
S1-666435696		0.24050000000000005	30
S1-129027978	S2-284101721	1.0	30
S1-922994065	S2-677800185	0.7504166666666664	30
S1-623350674		0.0764404761904762	30
S1-753180274	S2-368371774	0.9216071428571427	30
S1-617270478	S2-589758868	0.907	30
S1-334052695	S2-922961395	1.0	30
S1-102971431	S2-681575605	0.611930583501006	30
S1-948624922	S2-217501023	1.0	30
S1-638785454	S2-760648097	1.0	30
S1-455885431	S2-336011155	1.0	30
S1-312194988	S2-871279285	1.0	30
S1-745218864	S3-708054967	1.0	30
S1-576426786	S3-55462290	1.0	30
S1-298951977		0.43300939849624065	30
S1-380060263	S2-387663610	1.0	30
S1-603442937	S2-90410501	0.8169166666666666	30
S1-795245610	S3-226426608	1.0	30
S1-873852360	S2-655121577	1.0	30
S1-144718195	S2-373678906	0.7356904761904762	30
S1-518394026	S2-288129184	1.0	30
S1-703428973	S2-517133841	0.9998046989641192	30
S1-478051664	S3-258757251	1.0	30
S1-95925372	S2-188174914	1.0	30
S1-436247714		0.02180216802168022	30
S1-993604636		0.21429511278195487	30
S1-515624637	S2-101856140	1.0	30
S1-295377582	S2-87129115	0.934	30
S1-616628716	S2-366007238	0.8478258987389422	30
S1-187058094	S3-130298065	1.0	30
S1-557975484	S2-708185898	1.0	30
S1-487154804	S2-219821920	1.0	30
S1-536638885	S2-235990379	0.5750119047619048	30
S1-511863452	S2-243937985	0.9975	30
S1-956446110	S3-624011430	0.997431506849315	30
S1-889448973	S3-967828926	1.0	30
S1-925403791	S2-121794018	1.0	30
S1-234200441	S2-536278624	1.0	30
S1-354705482		0.015	30
S1-37630161		0.029098104007287136	30
S1-763611874	S2-161982309	1.0	30
S1-285739773	S2-480760116	1.0	30
S1-119279828	S2-487023898	1.0	30
S1-432139268	S2-212736826	1.0	30
S1-580205927	S2-506586157	1.0	30
S1-119171444	S2-893346937	1.0	30
S1-584177675	S3-872676182	1.0	30
S1-761930510		0.1304761904761905	30
S1-197922151	S2-729238396	1.0	30
S1-256602729	S3-475000452	1.0	30
S1-274090278	S3-880598844	1.0	30
S1-312481466	S3-102765503	1.0	30
S1-906079981	S3-745426542	1.0	30
S1-193918319	S2-931322825	1.0	30
S1-928870866	S3-286812969	1.0	30
S1-613445780	S2-68911031	1.0	30
S1-461369552	S2-772597442	1.0	30
S1-38402575	S2-704567209	1.0	30
S1-37338275	S3-788152581	1.0	30
S1-543127091	S2-510953599	1.0	30
S1-340996011	S3-787922028	1.0	30
S1-606725408	S2-825625040	1.0	30
S1-945115789	S2-647194298	1.0	30
S1-639012333	S2-223772548	0.8564166666666665	30
S1-473235417	S3-147070616	1.0	30
S1-930984906		0.1909523809523809	30
S1-862093695		0.017198540706605224	30
S1-749000475	S3-817209666	1.0	30
S1-369632481	S2-539076128	1.0	30
S1-430604402	S3-517568875	1.0	30
S1-538780979	S3-765220322	1.0	30
S1-416469670	S2-17308933	0.6156130952380952	30
S1-351025388		0.05416666666666666	30
S1-960355473	S2-559421467	0.858458333333333	30
S1-453223583	S3-948308596	1.0	30
S1-571115458		0.39453916040100245	30
S1-143265439		0.023142857142857142	30
S1-220020462	S2-342952603	1.0	30
S1-803676246	S2-195343183	0.9891666666666667	30
S1-510772858	S2-251621282	0.8678472501676727	30
S1-549011344		0.07233333333333332	30
S1-350245409	S2-66366568	1.0	30
S1-373457471	S2-418776047	1.0	30
S1-554902174	S3-984079757	1.0	30
S1-966940882	S3-660450988	0.9250654761904762	30
S1-241670741	S2-141302531	0.9355952380952381	30
S1-758075760	S2-905049598	0.5076468253968254	30
S1-773320212	S2-992842298	0.8891428571428571	30
S1-881005414	S3-818758046	1.0	30
S1-100302483		0.26002380952380955	30
S1-692096873	S3-807637690	1.0	30
S1-919267939	S3-368107528	1.0	30
S1-524979710		0.3983392857142858	30
S1-886802071	S2-495651348	1.0	30
S1-95264755	S2-17149483	0.768738095238095	30
S1-558011533	S2-429797718	1.0	30
S1-874413333	S2-662221399	0.9996248428490112	30
S1-671129885	S2-811349806	1.0	30
S1-803808238	S2-335742246	1.0	30
S1-620608935	S3-659203996	1.0	30
S1-951609532	S2-895415359	1.0	30
S1-568217118	S2-470418302	1.0	30
S1-946744214	S3-121425019	1.0	30
S1-596007326	S2-947816102	1.0	30
S1-104226194		0.04942760416104825	30
S1-987152524	S2-455500771	0.995	30
S1-589253257	S2-248846520	0.7966964285714286	30
S1-445455950		0.005115207373271889	30
S1-198728897	S3-603877563	1.0	30
S1-279971988	S2-811115547	1.0	30
S1-479239049	S2-433659051	1.0	30
S1-108314429		0.41731237060041415	30
S1-700882543	S2-158934267	1.0	30
S1-805440050		0.0435	30
S1-710147242	S2-597472199	1.0	30
S1-465082733	S3-895083696	1.0	30
S1-402994011	S3-404746320	1.0	30
S1-236963798	S2-183439832	1.0	30
S1-680585243		0.07602380952380952	30
S1-392245358	S2-140660758	1.0	30
S1-521730978	S2-885731246	0.6920714285714287	30
S1-103952189	S3-38125808	1.0	30
S1-691021205	S2-994508483	1.0	30
S1-532630246		0.18808333333333332	30
S1-63162461		0.11591666666666668	30
S1-367965660	S3-741667237	1.0	30
S1-731133418		0.1398650793650794	30
S1-885630742	S2-949764427	1.0	30
S1-807555566	S2-268618894	0.5459300334168755	30
S1-401836525	S2-506554724	0.8138095238095238	30
S1-796024407		0.2483785275424128	30
S1-149887453	S2-454925373	1.0	30
S1-823731657	S2-199585550	1.0	30
S1-578641214	S3-89811825	1.0	30
S1-549086594	S3-363696346	1.0	30
S1-21590818	S2-434665723	1.0	30
S1-555090350		0.014842572062084258	30
S1-557511474	S3-882715524	1.0	30
S1-576220090	S2-43106167	0.8609404761904762	30
S1-299278979		0.4552380952380953	30
S1-202490639	S2-941738249	1.0	30
S1-122618676	S2-943937483	1.0	30
S1-144979450	S2-887559960	1.0	30
S1-877733833	S2-9766148	1.0	30
S1-51525259		0.4482474937343358	30
S1-945650918	S2-784386873	1.0	30
S1-947166860	S2-389993449	1.0	30
S1-243140298	S3-291119163	1.0	30
S1-694979060	S2-689330978	0.6470952380952381	30
S1-429112441	S2-139597753	1.0	30
S1-246462346		0.4502752715121136	30
S1-232082545	S3-905099510	0.690029761904762	30
S1-186761262	S2-730391483	1.0	30
S1-100146655	S2-311723766	1.0	30
S1-341291980	S3-67366402	1.0	30
S1-572730139	S2-339106673	1.0	30
S1-594141325	S3-117720239	1.0	30
S1-401761505	S2-422370961	1.0	30
S1-820196196	S3-895972861	1.0	30
S1-81981566	S2-186013921	1.0	30
S1-92690219	S2-521542857	1.0	30
S1-888167789	S2-630422469	1.0	30
S1-942011133	S2-256692563	0.8151309523809523	30
S1-142288436		0.028591269841269838	30
S1-119783341	S3-364996760	1.0	30
S1-328164935	S3-95003575	1.0	30
S1-926243009	S2-5007768	0.8333750000000001	30
S1-376882708	S2-178034188	1.0	30
S1-400092918	S2-318938635	1.0	30
S1-419235241	S2-720443779	1.0	30
S1-724315493	S3-695129555	1.0	30
S1-336476210	S3-678405104	1.0	30
S1-977818366	S3-183699098	1.0	30
S1-347171620	S2-297622236	1.0	30
S1-346929118	S3-898207941	1.0	30
S1-561269090	S3-776884845	1.0	30
S1-640578446	S2-954210588	1.0	30
S1-317610576	S2-74744199	1.0	30
S1-398084502	S2-152073849	0.8852619047619048	30
S1-429137290	S2-398370680	1.0	30
S1-256480068	S2-370211822	1.0	30
S1-375348297	S3-694660532	1.0	30
S1-415042128	S2-99702602	1.0	30
S1-410228098	S2-695335585	0.8440714285714286	30
S1-460033462	S3-68319127	1.0	30
S1-317952287		0.12708333333333335	30
S1-615534064	S2-160571445	1.0	30
S1-616272752	S2-362913004	1.0	30
S1-441322	S2-83871311	1.0	30
S1-391141182	S2-427561137	1.0	30
S1-950174003	S2-620560506	1.0	30
S1-175633133	S3-428139757	1.0	30
S1-644411036	S3-49096170	1.0	30
S1-762958682		0.08258514414265986	30
S1-78424718		0.00552439024390244	30
S1-925057409		0.026915064102564102	30
S1-181609420		0.14782738095238096	30
S1-613244295	S2-937577903	1.0	30
S1-441593499	S2-332745575	1.0	30
S1-506720235	S2-475436632	1.0	30
S1-735268637	S2-373242841	1.0	30
S1-67628861	S3-184557439	0.6068427318295739	30
S1-951104915	S3-684170461	1.0	30
S1-867129763	S3-531833956	1.0	30
S1-211026051	S3-535146472	1.0	30
S1-650106134		0.13660714285714284	30
S1-110295930	S2-915385449	1.0	30
S1-954886409		0.11137698412698413	30
S1-911365600	S3-118710769	1.0	30
S1-796183067	S2-888830204	1.0	30
S1-401074421	S3-303073926	1.0	30
S1-147057413	S2-833983859	1.0	30
S1-397900824	S2-838287853	1.0	30
S1-241872490	S2-984292752	1.0	30
S1-571376605	S3-468014949	1.0	30
S1-25587016	S2-883608093	1.0	30
S1-335752330	S3-511997576	1.0	30
S1-339696594	S2-534389338	1.0	30
S1-277159753		0.056999999999999995	30
S1-652651286	S2-544013831	1.0	30
S1-931180841	S2-866245748	0.7461624779292987	30
S1-943874235	S2-364281491	0.8460972222222225	30
S1-909532705	S2-976590125	1.0	30
S1-716346194	S2-382041291	1.0	30
S1-920710760	S2-557992817	1.0	30
S1-735283511	S3-278586726	1.0	30
S1-541962667	S2-683408529	1.0	30
S1-158306158		0.03241666666666667	30
S1-330916229		0.06913153310104529	30
S1-124208550	S2-714683474	1.0	30
S1-476022166	S2-444206904	1.0	30
S1-491232871		0.04235714285714285	30
S1-307045007	S2-921986931	1.0	30
S1-862715502	S2-902474528	0.9975	30
S1-663284662	S3-900647479	1.0	30
S1-435735212	S3-604248603	1.0	30
S1-368357600	S3-750136903	1.0	30
S1-51590630	S2-677813132	1.0	30
S1-51122580	S3-374594302	0.7396666666666666	30
S1-730279779		0.11136904761904763	30
S1-357200984	S3-774802631	1.0	30
S1-533049965	S2-272433616	1.0	30
